{
    "px": {
        "0": 20693.17,
        "1": 20693.95,
        "2": 20694.98,
        "3": 20696.02,
        "4": 20696.54,
        "5": 20697.05,
        "6": 20700.0,
        "7": 20703.88,
        "8": 20706.2,
        "9": 20721.47,
        "10": 20722.67,
        "11": 20735.1,
        "12": 20738.21,
        "13": 20748.13,
        "14": 20753.75,
        "15": 20760.16,
        "16": 20769.29,
        "17": 20772.85,
        "18": 20783.82,
        "19": 20784.83,
        "20": 20794.99,
        "21": 20800.37,
        "22": 20805.23,
        "23": 20815.86,
        "24": 20815.9,
        "25": 20818.59,
        "26": 20830.24,
        "27": 20831.44,
        "28": 20846.98,
        "29": 20857.71,
        "30": 20862.52,
        "31": 20868.34,
        "32": 20877.42,
        "33": 20889.52,
        "34": 20896.11,
        "35": 20904.31,
        "36": 20916.32,
        "37": 20922.06,
        "38": 20928.26,
        "39": 20934.04,
        "40": 21200.0,
        "41": 21300.0,
        "42": 21500.0,
        "43": 21500.0,
        "44": 21535.4,
        "45": 21768.0,
        "46": 21998.0,
        "47": 22000.0,
        "48": 22000.0,
        "49": 22000.0,
        "50": 22000.73,
        "51": 22045.23,
        "52": 22258.22,
        "53": 22357.92,
        "54": 22499.0,
        "55": 22500.0,
        "56": 22577.72,
        "57": 22600.0,
        "58": 23000.0,
        "59": 23000.0,
        "60": 23003.71,
        "61": 23800.74,
        "62": 23850.0,
        "63": 24000.0,
        "64": 24100.0,
        "65": 24500.0,
        "66": 24620.0,
        "67": 25000.0,
        "68": 25000.0,
        "69": 25000.0,
        "70": 25000.0,
        "71": 25000.0,
        "72": 25500.0,
        "73": 27388.0,
        "74": 29816.25,
        "75": 30000.0,
        "76": 30000.0,
        "77": 32000.0,
        "78": 39106.3,
        "79": 39800.0,
        "80": 40750.0,
        "81": 49466.0,
        "82": 60000.0,
        "83": 60000.0,
        "84": 80000.0,
        "85": 6789572.0
    },
    "qty": {
        "0": 0.04883648,
        "1": 0.43954474,
        "2": 0.73261121,
        "3": 1.22107975,
        "4": 0.24158636,
        "5": 2.44228164,
        "6": 0.48309199,
        "7": 0.5,
        "8": 0.1,
        "9": 0.3603,
        "10": 0.135,
        "11": 0.88888888,
        "12": 0.165,
        "13": 0.88888888,
        "14": 0.195,
        "15": 0.87543011,
        "16": 0.225,
        "17": 1.01587301,
        "18": 1.2063492,
        "19": 0.255,
        "20": 1.46031746,
        "21": 0.285,
        "22": 1.26984127,
        "23": 1.39682539,
        "24": 0.315,
        "25": 1.33333333,
        "26": 1.33333342,
        "27": 0.345,
        "28": 0.375,
        "29": 0.96583971,
        "30": 0.405,
        "31": 1.65079365,
        "32": 1.05635715,
        "33": 1.22935714,
        "34": 1.77777777,
        "35": 0.966,
        "36": 1.694,
        "37": 2.032,
        "38": 0.402,
        "39": 1.674,
        "40": 0.0028892,
        "41": 0.37,
        "42": 0.00220374,
        "43": 0.003375,
        "44": 0.00055539,
        "45": 0.0006,
        "46": 0.6,
        "47": 0.00300211,
        "48": 0.00083309,
        "49": 0.43538717,
        "50": 0.00445389,
        "51": 0.00085659,
        "52": 0.00085659,
        "53": 0.48667828,
        "54": 0.6,
        "55": 0.00083308,
        "56": 0.00085659,
        "57": 0.00078236,
        "58": 0.00279162,
        "59": 0.00108852,
        "60": 0.00085659,
        "61": 0.02381729,
        "62": 0.35874831,
        "63": 0.00279163,
        "64": 0.00051,
        "65": 1.75489024,
        "66": 0.06256201,
        "67": 0.59208532,
        "68": 0.00569166,
        "69": 0.01517112,
        "70": 0.00061257,
        "71": 0.07053674,
        "72": 0.10108951,
        "73": 2.63233536,
        "74": 0.00506853,
        "75": 0.0014012,
        "76": 0.00058811,
        "77": 2.63233537,
        "78": 0.00085659,
        "79": 0.00452285,
        "80": 0.02823377,
        "81": 0.00685399,
        "82": 0.019,
        "83": 0.00264649,
        "84": 0.00264807,
        "85": 0.06672978
    },
    "num": {
        "0": 562966920005153,
        "1": 562966920005155,
        "2": 562966920005157,
        "3": 562966920005159,
        "4": 562966920004932,
        "5": 562966920005161,
        "6": 562966920004934,
        "7": 562966920005270,
        "8": 562966920005385,
        "9": 562966920004499,
        "10": 562966920005354,
        "11": 562966919994637,
        "12": 562966920005355,
        "13": 562966919987182,
        "14": 562966920005356,
        "15": 562966919978861,
        "16": 562966920005357,
        "17": 562966919984396,
        "18": 562966919996818,
        "19": 562966920005358,
        "20": 562966919924965,
        "21": 562966920005359,
        "22": 562966920004887,
        "23": 562966919996980,
        "24": 562966920005360,
        "25": 562966920004770,
        "26": 562966920001593,
        "27": 562966920005361,
        "28": 562966920005362,
        "29": 562966919992052,
        "30": 562966920005363,
        "31": 562966919994639,
        "32": 562966920004888,
        "33": 562966920003965,
        "34": 562966920005342,
        "35": 562966919995825,
        "36": 562966920003725,
        "37": 562966920003978,
        "38": 562966920004768,
        "39": 562966920005550,
        "40": 562966901569564,
        "41": 562966860187720,
        "42": 562966623669792,
        "43": 562966885990427,
        "44": 562966476520888,
        "45": 562966834613973,
        "46": 562966447897043,
        "47": 562966121734541,
        "48": 562966476539334,
        "49": 562966911560555,
        "50": 562966575728915,
        "51": 562966919838471,
        "52": 562966919838516,
        "53": 562966825839197,
        "54": 562966447860952,
        "55": 562966476533442,
        "56": 562966919838596,
        "57": 562966136424897,
        "58": 562966104154429,
        "59": 562966724908305,
        "60": 562966919838670,
        "61": 562966877476660,
        "62": 562966042560539,
        "63": 562966104169192,
        "64": 562965553706031,
        "65": 562966671387633,
        "66": 562965546688128,
        "67": 562965923008532,
        "68": 562966511452647,
        "69": 562966650130960,
        "70": 562966862415680,
        "71": 562966896760000,
        "72": 562965152738997,
        "73": 562966671404721,
        "74": 562965818808019,
        "75": 562966085160761,
        "76": 562966513727889,
        "77": 562966671407506,
        "78": 562966919838715,
        "79": 562966344030204,
        "80": 562965191164924,
        "81": 562966344565508,
        "82": 562965153613538,
        "83": 562966513775586,
        "84": 562966846767836,
        "85": 562965801292742
    },
    "value": {
        "0": 1010.5815828416,
        "1": 9095.916872323,
        "2": 15161.3743387258,
        "3": 25271.490927595,
        "4": 5000.0017631944,
        "5": 50548.025217162,
        "6": 10000.004193,
        "7": 10351.94,
        "8": 2070.62,
        "9": 7465.945641,
        "10": 2797.56045,
        "11": 18431.199815688,
        "12": 3421.80465,
        "13": 18442.7820377944,
        "14": 4046.98125,
        "15": 18174.0691524176,
        "16": 4673.09025,
        "17": 21102.5776557785,
        "18": 25072.544629944,
        "19": 5300.13165,
        "20": 30367.2869775254,
        "21": 5928.10545,
        "22": 26419.3396858421,
        "23": 29076.1217626854,
        "24": 6557.0085,
        "25": 27758.1199306047,
        "26": 27773.6551386208,
        "27": 7186.8468,
        "28": 7817.6175,
        "29": 20145.2045776641,
        "30": 8449.3206,
        "31": 34449.323158041,
        "32": 22054.011890553,
        "33": 25680.6805631728,
        "34": 37148.6398374747,
        "35": 20193.56346,
        "36": 35432.24608,
        "37": 42513.62592,
        "38": 8413.16052,
        "39": 35043.58296,