{
    "px": {
        "0": 20690.59,
        "1": 20689.82,
        "2": 20688.78,
        "3": 20687.75,
        "4": 20686.71,
        "5": 20685.46,
        "6": 20681.01,
        "7": 20678.63,
        "8": 20671.0,
        "9": 20670.15,
        "10": 20667.04,
        "11": 20663.46,
        "12": 20647.96,
        "13": 20641.84,
        "14": 20636.27,
        "15": 20634.37,
        "16": 20632.46,
        "17": 20624.3,
        "18": 20616.96,
        "19": 20607.75,
        "20": 20606.87,
        "21": 20602.89,
        "22": 20601.46,
        "23": 20588.94,
        "24": 20585.96,
        "25": 20577.82,
        "26": 20571.26,
        "27": 20570.46,
        "28": 20560.23,
        "29": 20557.54,
        "30": 20554.96,
        "31": 20550.58,
        "32": 20539.46,
        "33": 20535.67,
        "34": 20523.96,
        "35": 20523.95,
        "36": 20522.96,
        "37": 20510.22,
        "38": 20499.89,
        "39": 20480.31,
        "40": 20477.08,
        "41": 20473.64,
        "42": 20466.41,
        "43": 20460.37,
        "44": 20150.0,
        "45": 19836.0,
        "46": 19750.0,
        "47": 19750.0,
        "48": 19425.53,
        "49": 19305.0,
        "50": 19200.0,
        "51": 19189.0,
        "52": 19150.0,
        "53": 19065.0,
        "54": 19050.07,
        "55": 19000.0,
        "56": 19000.0,
        "57": 19000.0,
        "58": 19000.0,
        "59": 18750.0,
        "60": 18516.39,
        "61": 18500.0,
        "62": 18500.0,
        "63": 18500.0,
        "64": 18220.52,
        "65": 18100.0,
        "66": 18007.62,
        "67": 18000.0,
        "68": 18000.0,
        "69": 17900.0,
        "70": 17896.0,
        "71": 17500.0,
        "72": 17000.0,
        "73": 16888.09,
        "74": 16633.3,
        "75": 16500.0,
        "76": 16000.0,
        "77": 13030.0,
        "78": 12667.02,
        "79": 12030.0,
        "80": 11777.0,
        "81": 11667.0,
        "82": 10777.0,
        "83": 10220.0,
        "84": 8448.47,
        "85": 3500.0,
        "86": 1300.0,
        "87": 15.0,
        "88": 4.44,
        "89": 4.44,
        "90": 1.8
    },
    "qty": {
        "0": 0.04883648,
        "1": 0.43954474,
        "2": 0.73261121,
        "3": 1.22107975,
        "4": 2.44228164,
        "5": 0.5,
        "6": 0.24176762,
        "7": 0.4835908,
        "8": 0.1,
        "9": 1.2094731,
        "10": 2.4193104,
        "11": 0.135,
        "12": 0.165,
        "13": 0.30849983,
        "14": 0.88888888,
        "15": 2.42314157,
        "16": 0.195,
        "17": 0.88888888,
        "18": 0.225,
        "19": 2.42627146,
        "20": 1.14285714,
        "21": 1.14285714,
        "22": 0.255,
        "23": 1.14285714,
        "24": 0.285,
        "25": 0.95314444,
        "26": 0.95238093,
        "27": 0.315,
        "28": 2.43187939,
        "29": 1.3633477,
        "30": 0.345,
        "31": 0.95238095,
        "32": 0.375,
        "33": 1.39682539,
        "34": 0.405,
        "35": 1.52380952,
        "36": 0.85811111,
        "37": 1.65079365,
        "38": 1.71428571,
        "39": 0.139,
        "40": 1.71428571,
        "41": 0.015,
        "42": 0.079,
        "43": 0.982,
        "44": 0.04,
        "45": 0.05,
        "46": 0.01,
        "47": 0.01,
        "48": 0.05647599,
        "49": 0.00153,
        "50": 0.00151888,
        "51": 0.00546769,
        "52": 0.00063994,
        "53": 0.00075,
        "54": 0.00410382,
        "55": 0.13129017,
        "56": 0.24631851,
        "57": 0.23341431,
        "58": 0.0006,
        "59": 0.00092586,
        "60": 0.01591159,
        "61": 0.5396796,
        "62": 0.27028853,
        "63": 0.13489237,
        "64": 0.11605438,
        "65": 0.00051,
        "66": 0.011,
        "67": 0.001,
        "68": 0.15210716,
        "69": 1.00039875,
        "70": 0.00136396,
        "71": 0.00085781,
        "72": 0.001,
        "73": 0.00128546,
        "74": 0.2458713,
        "75": 0.46361691,
        "76": 0.00074085,
        "77": 0.01150033,
        "78": 0.4,
        "79": 0.0090533,
        "80": 0.365,
        "81": 0.35,
        "82": 0.7,
        "83": 0.00118391,
        "84": 0.9,
        "85": 0.18766498,
        "86": 0.2149,
        "87": 6.73946379,
        "88": 4.49106177,
        "89": 3.02135325,
        "90": 7.47650084
    },
    "num": {
        "0": 562966920005152,
        "1": 562966920005154,
        "2": 562966920005156,
        "3": 562966920005158,
        "4": 562966920005160,
        "5": 562966920003274,
        "6": 562966920004933,
        "7": 562966920004942,
        "8": 562966920005268,
        "9": 562966920005116,
        "10": 562966920004436,
        "11": 562966920005344,
        "12": 562966920005345,
        "13": 562966919998233,
        "14": 562966919993673,
        "15": 562966919993635,
        "16": 562966920005346,
        "17": 562966919939049,
        "18": 562966920005347,
        "19": 562966919993942,
        "20": 562966919982684,
        "21": 562966919987333,
        "22": 562966920005348,
        "23": 562966919994989,
        "24": 562966920005349,
        "25": 562966919749246,
        "26": 562966920003963,
        "27": 562966920005350,
        "28": 562966919994978,
        "29": 562966919984309,
        "30": 562966920005351,
        "31": 562966920005341,
        "32": 562966920005352,
        "33": 562966920002801,
        "34": 562966920005353,
        "35": 562966919992287,
        "36": 562966920004521,
        "37": 562966919983190,
        "38": 562966919983191,
        "39": 562966920003635,
        "40": 562966920002254,
        "41": 562966920001342,
        "42": 562966919995665,
        "43": 562966919997234,
        "44": 562966918074254,
        "45": 562966835717486,
        "46": 562966849983261,
        "47": 562966850010965,
        "48": 562966831007920,
        "49": 562966836667597,
        "50": 562966873012783,
        "51": 562966919610559,
        "52": 562966841539088,
        "53": 562966841499058,
        "54": 562966818404298,
        "55": 562966824645287,
        "56": 562966839388418,
        "57": 562966900601211,
        "58": 562966917008812,
        "59": 562966917015448,
        "60": 562966762760510,
        "61": 562966708079076,
        "62": 562966760146227,
        "63": 562966824647184,
        "64": 562966842153138,
        "65": 562966800405555,
        "66": 562966402479602,
        "67": 562966697074113,
        "68": 562966755104163,
        "69": 562966233239554,
        "70": 562966785433563,
        "71": 562966888261552,
        "72": 562966697145579,
        "73": 562966279265796,
        "74": 562966456642036,
        "75": 562966671385376,
        "76": 562966697237018,
        "77": 562965942292056,
        "78": 562966086262653,
        "79": 562965942321840,
        "80": 562966856727060,
        "81": 562965979287947,
        "82": 562965690719916,
        "83": 562966699132646,
        "84": 562966086279915,
        "85": 562966799590973,
        "86": 562965801345330,
        "87": 562965801351845,
        "88": 562966799596687,
        "89": 562966799802346,
        "90": 562966799795461
    },
    "value": {
        "0": 1010.4555847232,
        "1": 9094.1015525468,
        "2": 15156.8321492238,
        "3": 25261.3925980625,
        "4": 50522.7720250044,
        "5": 10342.73,
        "6": 4999.9985668962,
        "7": 9999.995224604,
        "8": 2067.1,
        "9": 24999.990397965,
        "10": 49999.984809216,
        "11": 2789.5671,
        "12": 3406.9134,
        "13": 6368.0041308872,
        "14": 18343.3509276776,
        "15": 49999.9997177609,
        "16": 4023.3297,
        "17": 18332.710927784,
        "18": 4638.816,
        "19": 49999.995679815,
        "20": 23550.7085125518,
        "21": 23546.1599411346,
        "22": 5253.3723,
        "23": 23530.2170840316,
        "24": 5866.9986,
        "25": 19613.6347203208,
        "26": 19591.6757300718,
        "27": 6479.6949,