{"px":{"0":20647.77,"1":20649.34,"2":20650.37,"3":20651.41,"4":20652.44,"5":20655.54,"6":20662.42,"7":20668.79,"8":20674.11,"9":20674.12,"10":20677.76,"11":20682.2,"12":20685.96,"13":20689.42,"14":20690.0,"15":20695.28,"16":20697.26,"17":20700.01,"18":20701.63,"19":20711.04,"20":20712.78,"21":20722.07,"22":20728.3,"23":20733.09,"24":20743.82,"25":20744.12,"26":20754.67,"27":20759.34,"28":20766.73,"29":20774.86,"30":20779.5,"31":20790.38,"32":20791.7,"33":20793.98,"34":20805.9,"35":20810.09,"36":20817.14,"37":20821.42,"38":20824.72,"39":20835.81,"40":20836.94,"41":20850.19,"42":21200.0,"43":21300.0,"44":21500.0,"45":21500.0,"46":21535.4,"47":21768.0,"48":21998.0,"49":22000.0,"50":22000.0,"51":22000.0,"52":22000.73,"53":22050.12,"54":22263.17,"55":22357.92,"56":22499.0,"57":22500.0,"58":22582.73,"59":22600.0,"60":23000.0,"61":23000.0,"62":23008.82,"63":23800.74,"64":23850.0,"65":24000.0,"66":24100.0,"67":24500.0,"68":24620.0,"69":25000.0,"70":25000.0,"71":25000.0,"72":25000.0,"73":25000.0,"74":25500.0,"75":27388.0,"76":29816.25,"77":30000.0,"78":30000.0,"79":32000.0,"80":39114.98,"81":39800.0,"82":40750.0,"83":49466.0,"84":60000.0,"85":60000.0,"86":80000.0,"87":6789572.0},"qty":{"0":0.0489316,"1":0.44040083,"2":0.73403817,"3":1.22341541,"4":2.44695345,"5":0.5,"6":1.20992613,"7":0.02,"8":0.50144655,"9":0.24,"10":0.316,"11":0.118,"12":0.092,"13":0.339,"14":3.13738433,"15":0.033,"16":0.135,"17":0.88888888,"18":0.011,"19":0.88888888,"20":0.165,"21":0.88888888,"22":0.195,"23":0.88888888,"24":0.225,"25":0.88888888,"26":1.2063492,"27":0.255,"28":1.2063492,"29":0.285,"30":1.14285714,"31":0.315,"32":1.39682539,"33":1.46031746,"34":0.345,"35":1.46031746,"36":1.46031746,"37":0.375,"38":1.20634929,"39":1.58730158,"40":0.375,"41":1.65079365,"42":0.0028892,"43":0.37,"44":0.00220374,"45":0.003375,"46":0.00055539,"47":0.0006,"48":0.6,"49":0.00300211,"50":0.00083309,"51":0.43538717,"52":0.00445389,"53":0.00085659,"54":0.00085659,"55":0.48667828,"56":0.6,"57":0.00083308,"58":0.00085659,"59":0.00078236,"60":0.00279162,"61":0.00108852,"62":0.00085659,"63":0.02381729,"64":0.35874831,"65":0.00279163,"66":0.00051,"67":1.75489024,"68":0.06256201,"69":0.59208532,"70":0.00569166,"71":0.01517112,"72":0.00061257,"73":0.07053674,"74":0.10108951,"75":2.63233536,"76":0.00506853,"77":0.0014012,"78":0.00058811,"79":2.63233537,"80":0.00085659,"81":0.00452285,"82":0.02823377,"83":0.00685399,"84":0.019,"85":0.00264649,"86":0.00264807,"87":0.06672978},"num":{"0":562966917947363,"1":562966917947287,"2":562966917947289,"3":562966917947281,"4":562966917947283,"5":562966917945371,"6":562966917946841,"7":562966917943895,"8":562966917942697,"9":562966917942013,"10":562966917941464,"11":562966917940269,"12":562966917936852,"13":562966917935937,"14":562966917806905,"15":562966917933363,"16":562966917946972,"17":562966917943927,"18":562966917921547,"19":562966917940624,"20":562966917946973,"21":562966917935230,"22":562966917946974,"23":562966917917113,"24":562966917946975,"25":562966917912682,"26":562966917944846,"27":562966917946976,"28":562966917944659,"29":562966917946977,"30":562966917919466,"31":562966917946978,"32":562966917944453,"33":562966917946615,"34":562966917946979,"35":562966917942041,"36":562966917944642,"37":562966917946980,"38":562966917945671,"39":562966917944454,"40":562966917946981,"41":562966917944455,"42":562966901569564,"43":562966860187720,"44":562966623669792,"45":562966885990427,"46":562966476520888,"47":562966834613973,"48":562966447897043,"49":562966121734541,"50":562966476539334,"51":562966911560555,"52":562966575728915,"53":562966917931610,"54":562966917931651,"55":562966825839197,"56":562966447860952,"57":562966476533442,"58":562966917931747,"59":562966136424897,"60":562966104154429,"61":562966724908305,"62":562966917931829,"63":562966877476660,"64":562966042560539,"65":562966104169192,"66":562965553706031,"67":562966671387633,"68":562965546688128,"69":562965923008532,"70":562966511452647,"71":562966650130960,"72":562966862415680,"73":562966896760000,"74":562965152738997,"75":562966671404721,"76":562965818808019,"77":562966085160761,"78":562966513727889,"79":562966671407506,"80":562966917931866,"81":562966344030204,"82":562965191164924,"83":562966344565508,"84":562965153613538,"85":562966513775586,"86":562966846767836,"87":562965801292742}}