{"px":{"0":20645.22,"1":20645.19,"2":20644.18,"3":20643.37,"4":20643.16,"5":20642.12,"6":20638.67,"7":20638.1,"8":20630.25,"9":20630.1,"10":20629.3,"11":20627.05,"12":20626.83,"13":20624.03,"14":20622.62,"15":20618.14,"16":20608.62,"17":20607.13,"18":20600.29,"19":20596.91,"20":20594.59,"21":20591.65,"22":20588.86,"23":20581.92,"24":20577.61,"25":20576.17,"26":20568.03,"27":20560.69,"28":20550.36,"29":20545.76,"30":20545.21,"31":20542.9,"32":20534.68,"33":20529.73,"34":20524.35,"35":20515.17,"36":20514.25,"37":20503.69,"38":20498.77,"39":20491.38,"40":20477.28,"41":20466.58,"42":20452.88,"43":20435.05,"44":19836.0,"45":19750.0,"46":19750.0,"47":19425.53,"48":19305.0,"49":19200.0,"50":19150.0,"51":19065.0,"52":19050.07,"53":19023.0,"54":19000.0,"55":19000.0,"56":19000.0,"57":19000.0,"58":18750.0,"59":18516.39,"60":18500.0,"61":18500.0,"62":18500.0,"63":18220.52,"64":18100.0,"65":18007.62,"66":18000.0,"67":18000.0,"68":17900.0,"69":17896.0,"70":17500.0,"71":17000.0,"72":16888.09,"73":16633.3,"74":16500.0,"75":16000.0,"76":13030.0,"77":12667.02,"78":12030.0,"79":11777.0,"80":11667.0,"81":10777.0,"82":10220.0,"83":8448.47,"84":3500.0,"85":1300.0,"86":15.0,"87":4.44,"88":4.44,"89":1.8},"qty":{"0":0.44040083,"1":0.0489316,"2":0.73403817,"3":0.5,"4":1.22341541,"5":2.44695345,"6":0.48452712,"7":0.135,"8":0.006,"9":1.21182108,"10":0.1,"11":0.43131418,"12":2.42402628,"13":1.071,"14":0.165,"15":1.346,"16":1.01587301,"17":0.195,"18":2.42714928,"19":1.14285714,"20":1.943,"21":0.225,"22":0.194,"23":2.42931552,"24":1.2063492,"25":0.255,"26":1.14285714,"27":0.285,"28":1.26984127,"29":1.2063492,"30":0.315,"31":2.43392997,"32":1.39682539,"33":0.345,"34":1.46031746,"35":1.33333333,"36":0.375,"37":1.58730158,"38":0.405,"39":1.65079365,"40":1.52380952,"41":1.65079365,"42":1.71428571,"43":0.69841275,"44":0.05,"45":0.01,"46":0.01,"47":0.05647599,"48":0.00153,"49":0.00151888,"50":0.00063994,"51":0.00075,"52":0.00410382,"53":0.0048573,"54":0.13129017,"55":0.24631851,"56":0.23341431,"57":0.0006,"58":0.00092586,"59":0.01591159,"60":0.5396796,"61":0.27028853,"62":0.13489237,"63":0.11605438,"64":0.00051,"65":0.011,"66":0.001,"67":0.15210716,"68":1.00039875,"69":0.00136396,"70":0.00085781,"71":0.001,"72":0.00128546,"73":0.2458713,"74":0.46361691,"75":0.00074085,"76":0.01150033,"77":0.4,"78":0.0090533,"79":0.365,"80":0.35,"81":0.7,"82":0.00118391,"83":0.9,"84":0.18766498,"85":0.2149,"86":6.73946379,"87":4.49106177,"88":3.02135325,"89":7.47650084},"num":{"0":562966917947286,"1":562966917947362,"2":562966917947288,"3":562966917947372,"4":562966917947280,"5":562966917947282,"6":562966917947322,"7":562966917946962,"8":562966917944998,"9":562966917947328,"10":562966917947417,"11":562966917943938,"12":562966917944997,"13":562966917942634,"14":562966917946963,"15":562966917942712,"16":562966917917031,"17":562966917946964,"18":562966917943972,"19":562966917898641,"20":562966917947378,"21":562966917946965,"22":562966917947402,"23":562966917941693,"24":562966917932219,"25":562966917946966,"26":562966917940165,"27":562966917946967,"28":562966917932128,"29":562966917945069,"30":562966917946968,"31":562966917941694,"32":562966917932520,"33":562966917946969,"34":562966917932521,"35":562966917944641,"36":562966917946970,"37":562966917935381,"38":562966917946971,"39":562966917935700,"40":562966917944450,"41":562966917943681,"42":562966917941607,"43":562966917947385,"44":562966835717486,"45":562966849983261,"46":562966850010965,"47":562966831007920,"48":562966836667597,"49":562966873012783,"50":562966841539088,"51":562966841499058,"52":562966818404298,"53":562966854524059,"54":562966824645287,"55":562966839388418,"56":562966900601211,"57":562966917008812,"58":562966917015448,"59":562966762760510,"60":562966708079076,"61":562966760146227,"62":562966824647184,"63":562966842153138,"64":562966800405555,"65":562966402479602,"66":562966697074113,"67":562966755104163,"68":562966233239554,"69":562966785433563,"70":562966888261552,"71":562966697145579,"72":562966279265796,"73":562966456642036,"74":562966671385376,"75":562966697237018,"76":562965942292056,"77":562966086262653,"78":562965942321840,"79":562966856727060,"80":562965979287947,"81":562965690719916,"82":562966699132646,"83":562966086279915,"84":562966799590973,"85":562965801345330,"86":562965801351845,"87":562966799596687,"88":562966799802346,"89":562966799795461}}