{
    "asks": {
        "average_value": 16950.16371276087,
        "greater_value": {
            "px": 6789572.0,
            "qty": 0.06672978,
            "num": 562965801292742.0,
            "value": 453066.64585416
        },
        "lesser_value": {
            "px": 21535.4,
            "qty": 0.00055539,
            "num": 562966476520888.0,
            "value": 11.960545806
        },
        "total_qty": 45.297164859999995,
        "total_px": 8899701
    }
}