{
    "bids": {
        "average_value": 10041.424068893522,
        "greater_value": {
            "px": 20686.71,
            "qty": 2.44228164,
            "num": 562966920005160.0,
            "value": 50522.7720250044
        },
        "lesser_value": {
            "px": 18100.0,
            "qty": 0.00051,
            "num": 562966800405555.0,
            "value": 9.231
        },
        "total_qty": 68.24629829,
        "total_px": 1610869
    }
}