{
    "px": {
        "0": 20774.04,
        "1": 20774.62,
        "2": 20774.82,
        "3": 20775.86,
        "4": 20776.89,
        "5": 20777.94,
        "6": 20783.33,
        "7": 20789.72,
        "8": 20792.94,
        "9": 20797.56,
        "10": 20797.57,
        "11": 20803.76,
        "12": 20809.91,
        "13": 20814.3,
        "14": 20816.11,
        "15": 20816.12,
        "16": 20831.71,
        "17": 20831.72,
        "18": 20843.75,
        "19": 20844.46,
        "20": 20847.33,
        "21": 20861.88,
        "22": 20862.94,
        "23": 20877.29,
        "24": 20878.55,
        "25": 20892.71,
        "26": 20893.72,
        "27": 20894.16,
        "28": 20905.12,
        "29": 20909.77,
        "30": 20916.52,
        "31": 20924.9,
        "32": 20925.38,
        "33": 20935.3,
        "34": 20940.99,
        "35": 20954.07,
        "36": 20956.6,
        "37": 20966.48,
        "38": 20976.87,
        "39": 21200.0,
        "40": 21300.0,
        "41": 21500.0,
        "42": 21500.0,
        "43": 21535.4,
        "44": 21768.0,
        "45": 21998.0,
        "46": 22000.0,
        "47": 22000.0,
        "48": 22000.0,
        "49": 22000.73,
        "50": 22160.45,
        "51": 22357.92,
        "52": 22374.56,
        "53": 22499.0,
        "54": 22500.0,
        "55": 22600.0,
        "56": 22695.73,
        "57": 23000.0,
        "58": 23000.0,
        "59": 23123.94,
        "60": 23800.74,
        "61": 23850.0,
        "62": 24000.0,
        "63": 24100.0,
        "64": 24500.0,
        "65": 24620.0,
        "66": 25000.0,
        "67": 25000.0,
        "68": 25000.0,
        "69": 25000.0,
        "70": 25000.0,
        "71": 25500.0,
        "72": 27388.0,
        "73": 29816.25,
        "74": 30000.0,
        "75": 30000.0,
        "76": 32000.0,
        "77": 39310.7,
        "78": 39800.0,
        "79": 40750.0,
        "80": 49466.0,
        "81": 60000.0,
        "82": 60000.0,
        "83": 80000.0,
        "84": 6789572.0
    },
    "qty": {
        "0": 0.04864701,
        "1": 0.24067837,
        "2": 0.43783952,
        "3": 0.72976907,
        "4": 1.21634237,
        "5": 2.43280651,
        "6": 0.5,
        "7": 0.285,
        "8": 0.347,
        "9": 0.58058297,
        "10": 0.003,
        "11": 0.662,
        "12": 1.618,
        "13": 0.88888888,
        "14": 0.135,
        "15": 2.061,
        "16": 0.95238095,
        "17": 0.165,
        "18": 0.95238095,
        "19": 1.07936507,
        "20": 0.195,
        "21": 1.14285714,
        "22": 0.225,
        "23": 0.95238093,
        "24": 0.255,
        "25": 0.95238105,
        "26": 1.26984127,
        "27": 0.285,
        "28": 1.33333333,
        "29": 0.315,
        "30": 1.39682539,
        "31": 1.46031746,
        "32": 0.345,
        "33": 1.52380952,
        "34": 0.375,
        "35": 1.58730158,
        "36": 0.405,
        "37": 1.71428571,
        "38": 1.10820793,
        "39": 0.0028892,
        "40": 0.37,
        "41": 0.00220374,
        "42": 0.003375,
        "43": 0.00055539,
        "44": 0.0006,
        "45": 0.6,
        "46": 0.00300211,
        "47": 0.00083309,
        "48": 0.43538717,
        "49": 0.00445389,
        "50": 0.00085659,
        "51": 0.48667828,
        "52": 0.00085659,
        "53": 0.6,
        "54": 0.00083308,
        "55": 0.00078236,
        "56": 0.00085659,
        "57": 0.00279162,
        "58": 0.00108852,
        "59": 0.00085659,
        "60": 0.02381729,
        "61": 0.35874831,
        "62": 0.00279163,
        "63": 0.00051,
        "64": 1.75489024,
        "65": 0.06256201,
        "66": 0.59208532,
        "67": 0.00569166,
        "68": 0.01517112,
        "69": 0.00061257,
        "70": 0.07053674,
        "71": 0.10108951,
        "72": 2.63233536,
        "73": 0.00506853,
        "74": 0.0014012,
        "75": 0.00058811,
        "76": 2.63233537,
        "77": 0.00085659,
        "78": 0.00452285,
        "79": 0.02823377,
        "80": 0.00685399,
        "81": 0.019,
        "82": 0.00264649,
        "83": 0.00264807,
        "84": 0.06672978
    },
    "num": {
        "0": 562966918812575,
        "1": 562966918812674,
        "2": 562966918812577,
        "3": 562966918812579,
        "4": 562966918812581,
        "5": 562966918812583,
        "6": 562966918812588,
        "7": 562966918786995,
        "8": 562966918783973,
        "9": 562966918783152,
        "10": 562966918783069,
        "11": 562966918783078,
        "12": 562966918812861,
        "13": 562966918795504,
        "14": 562966918811276,
        "15": 562966918812891,
        "16": 562966918784129,
        "17": 562966918811277,
        "18": 562966918770831,
        "19": 562966918801410,
        "20": 562966918811278,
        "21": 562966918810351,
        "22": 562966918811279,
        "23": 562966918709777,
        "24": 562966918811280,
        "25": 562966918773444,
        "26": 562966918810158,
        "27": 562966918811281,
        "28": 562966918809549,
        "29": 562966918811282,
        "30": 562966918807491,
        "31": 562966918810159,
        "32": 562966918811283,
        "33": 562966918810160,
        "34": 562966918811284,
        "35": 562966918813321,
        "36": 562966918811285,
        "37": 562966918810161,
        "38": 562966918810162,
        "39": 562966901569564,
        "40": 562966860187720,
        "41": 562966623669792,
        "42": 562966885990427,
        "43": 562966476520888,
        "44": 562966834613973,
        "45": 562966447897043,
        "46": 562966121734541,
        "47": 562966476539334,
        "48": 562966911560555,
        "49": 562966575728915,
        "50": 562966918673904,
        "51": 562966825839197,
        "52": 562966918673991,
        "53": 562966447860952,
        "54": 562966476533442,
        "55": 562966136424897,
        "56": 562966918674099,
        "57": 562966104154429,
        "58": 562966724908305,
        "59": 562966918674182,
        "60": 562966877476660,
        "61": 562966042560539,
        "62": 562966104169192,
        "63": 562965553706031,
        "64": 562966671387633,
        "65": 562965546688128,
        "66": 562965923008532,
        "67": 562966511452647,
        "68": 562966650130960,
        "69": 562966862415680,
        "70": 562966896760000,
        "71": 562965152738997,
        "72": 562966671404721,
        "73": 562965818808019,
        "74": 562966085160761,
        "75": 562966513727889,
        "76": 562966671407506,
        "77": 562966918674342,
        "78": 562966344030204,
        "79": 562965191164924,
        "80": 562966344565508,
        "81": 562965153613538,
        "82": 562966513775586,
        "83": 562966846767836,
        "84": 562965801292742
    }
}