{
    "px": {
        "0": 20771.45,
        "1": 20770.67,
        "2": 20769.63,
        "3": 20768.59,
        "4": 20767.56,
        "5": 20765.35,
        "6": 20762.95,
        "7": 20760.69,
        "8": 20757.5,
        "9": 20757.24,
        "10": 20752.2,
        "11": 20750.82,
        "12": 20747.25,
        "13": 20746.59,
        "14": 20744.03,
        "15": 20741.67,
        "16": 20732.25,
        "17": 20726.51,
        "18": 20726.1,
        "19": 20718.27,
        "20": 20717.11,
        "21": 20714.6,
        "22": 20710.53,
        "23": 20703.0,
        "24": 20702.84,
        "25": 20700.29,
        "26": 20696.95,
        "27": 20694.96,
        "28": 20694.35,
        "29": 20683.56,
        "30": 20679.39,
        "31": 20674.23,
        "32": 20663.82,
        "33": 20663.64,
        "34": 20663.14,
        "35": 20648.25,
        "36": 20636.5,
        "37": 20632.68,
        "38": 20626.55,
        "39": 20617.11,
        "40": 20150.0,
        "41": 19836.0,
        "42": 19750.0,
        "43": 19750.0,
        "44": 19425.53,
        "45": 19305.0,
        "46": 19200.0,
        "47": 19150.0,
        "48": 19065.0,
        "49": 19050.07,
        "50": 19023.0,
        "51": 19000.0,
        "52": 19000.0,
        "53": 19000.0,
        "54": 19000.0,
        "55": 18750.0,
        "56": 18516.39,
        "57": 18500.0,
        "58": 18500.0,
        "59": 18500.0,
        "60": 18220.52,
        "61": 18100.0,
        "62": 18007.62,
        "63": 18000.0,
        "64": 18000.0,
        "65": 17900.0,
        "66": 17896.0,
        "67": 17500.0,
        "68": 17000.0,
        "69": 16888.09,
        "70": 16633.3,
        "71": 16500.0,
        "72": 16000.0,
        "73": 13030.0,
        "74": 12667.02,
        "75": 12030.0,
        "76": 11777.0,
        "77": 11667.0,
        "78": 10777.0,
        "79": 10220.0,
        "80": 8448.47,
        "81": 3500.0,
        "82": 1300.0,
        "83": 15.0,
        "84": 4.44,
        "85": 4.44,
        "86": 1.8
    },
    "qty": {
        "0": 0.04864701,
        "1": 0.43783952,
        "2": 0.72976907,
        "3": 1.21634237,
        "4": 2.43280651,
        "5": 0.5,
        "6": 0.24081352,
        "7": 0.48167934,
        "8": 0.1,
        "9": 0.135,
        "10": 1.2046913,
        "11": 0.4467803,
        "12": 0.015,
        "13": 2.41003405,
        "14": 0.975,
        "15": 0.165,
        "16": 0.943,
        "17": 0.462,
        "18": 0.195,
        "19": 2.41332811,
        "20": 0.88888888,
        "21": 0.164,
        "22": 0.225,
        "23": 0.336,
        "24": 1.01587301,
        "25": 2.41542488,
        "26": 0.747,
        "27": 0.255,
        "28": 1.01587301,
        "29": 1.14285714,
        "30": 0.285,
        "31": 1.14285714,
        "32": 0.315,
        "33": 1.14285714,
        "34": 2.41976762,
        "35": 0.345,
        "36": 1.33333333,
        "37": 0.375,
        "38": 0.76474444,
        "39": 0.405,
        "40": 0.04,
        "41": 0.05,
        "42": 0.01,
        "43": 0.01,
        "44": 0.05647599,
        "45": 0.00153,
        "46": 0.00151888,
        "47": 0.00063994,
        "48": 0.00075,
        "49": 0.00410382,
        "50": 0.0048573,
        "51": 0.13129017,
        "52": 0.24631851,
        "53": 0.23341431,
        "54": 0.0006,
        "55": 0.00092586,
        "56": 0.01591159,
        "57": 0.5396796,
        "58": 0.27028853,
        "59": 0.13489237,
        "60": 0.11605438,
        "61": 0.00051,
        "62": 0.011,
        "63": 0.001,
        "64": 0.15210716,
        "65": 1.00039875,
        "66": 0.00136396,
        "67": 0.00085781,
        "68": 0.001,
        "69": 0.00128546,
        "70": 0.2458713,
        "71": 0.46361691,
        "72": 0.00074085,
        "73": 0.01150033,
        "74": 0.4,
        "75": 0.0090533,
        "76": 0.365,
        "77": 0.35,
        "78": 0.7,
        "79": 0.00118391,
        "80": 0.9,
        "81": 0.18766498,
        "82": 0.2149,
        "83": 6.73946379,
        "84": 4.49106177,
        "85": 3.02135325,
        "86": 7.47650084
    },
    "num": {
        "0": 562966918812574,
        "1": 562966918812576,
        "2": 562966918812578,
        "3": 562966918812580,
        "4": 562966918812582,
        "5": 562966918812121,
        "6": 562966918812675,
        "7": 562966918812254,
        "8": 562966918811713,
        "9": 562966918811266,
        "10": 562966918812255,
        "11": 562966918802135,
        "12": 562966918811240,
        "13": 562966918811131,
        "14": 562966918786986,
        "15": 562966918811267,
        "16": 562966918793382,
        "17": 562966918795656,
        "18": 562966918811268,
        "19": 562966918802118,
        "20": 562966918749137,
        "21": 562966918802244,
        "22": 562966918811269,
        "23": 562966918813114,
        "24": 562966918720119,
        "25": 562966918802119,
        "26": 562966918813338,
        "27": 562966918811270,
        "28": 562966918792102,
        "29": 562966918776204,
        "30": 562966918811271,
        "31": 562966918808931,
        "32": 562966918811272,
        "33": 562966918807480,
        "34": 562966918802120,
        "35": 562966918811273,
        "36": 562966918810157,
        "37": 562966918811274,
        "38": 562966918813247,
        "39": 562966918811275,
        "40": 562966918074254,
        "41": 562966835717486,
        "42": 562966849983261,
        "43": 562966850010965,
        "44": 562966831007920,
        "45": 562966836667597,
        "46": 562966873012783,
        "47": 562966841539088,
        "48": 562966841499058,
        "49": 562966818404298,
        "50": 562966854524059,
        "51": 562966824645287,
        "52": 562966839388418,
        "53": 562966900601211,
        "54": 562966917008812,
        "55": 562966917015448,
        "56": 562966762760510,
        "57": 562966708079076,
        "58": 562966760146227,
        "59": 562966824647184,
        "60": 562966842153138,
        "61": 562966800405555,
        "62": 562966402479602,
        "63": 562966697074113,
        "64": 562966755104163,
        "65": 562966233239554,
        "66": 562966785433563,
        "67": 562966888261552,
        "68": 562966697145579,
        "69": 562966279265796,
        "70": 562966456642036,
        "71": 562966671385376,
        "72": 562966697237018,
        "73": 562965942292056,
        "74": 562966086262653,
        "75": 562965942321840,
        "76": 562966856727060,
        "77": 562965979287947,
        "78": 562965690719916,
        "79": 562966699132646,
        "80": 562966086279915,
        "81": 562966799590973,
        "82": 562965801345330,
        "83": 562965801351845,
        "84": 562966799596687,
        "85": 562966799802346,
        "86": 562966799795461
    },
    "value": {
        "0": 1010.4689358645,
        "1": 9094.2201828784,
        "2": 15157.0335693441,
        "3": 25261.7159821583,
        "4": 50523.4551648156,
        "5": 10382.675,
        "6": 4999.999075084,
        "7": 9999.9954571446,
        "8": 2075.75,
        "9": 2802.2274,
        "10": 24999.99479586,
        "11": 9271.057584846,
        "12": 311.20875,
        "13": 49999.9883213895,
        "14": 20225.42925,
        "15": 3422.37555,
        "16": 19550.51175,
        "17": 9575.64762,
        "18": 4041.5895,
        "19": 49999.9833815697,
        "20": 18415.2087047368,
        "21": 3397.1944,
        "22": 4659.86925,
        "23": 6956.208,
        "24": 21031.4563863484,
        "25": 49999.9954892152,
        "26": 15460.62165,
        "27": 5277.2148,
        "28": 21022.8316244935,
        "29": 23638.3542266184,
        "30": 5893.62615,
        "31": 23627.6913695022,
        "32": 6509.1033,
        "33": 23615.5885123896,
        "34": 49999.9970995268,
        "35": 7123.64625,
        "36": 27515.333264545,
        "37": 7737.255,
        "38": 15774.039428882,
        "39": 8349.92955,
        "40": 806.0,