{
    "bids": {
        "average_value": 8809.592582218558,
        "greater_value": {
            "px": 20767.56,
            "qty": 2.43280651,
            "num": 562966918812582.0,
            "value": 50523.4551648156
        },
        "lesser_value": {
            "px": 18100.0,
            "qty": 0.00051,
            "num": 562966800405555.0,
            "value": 9.231
        },
        "total_qty": 60.903893309999994,
        "total_px": 1533119
    }
}